Date,Event,Impact
2026-01-01,New Year's Day,LOW
2026-01-07,Job Openings and Labor Turnover Survey for November 2025,LOW
2026-01-07,State Employment and Unemployment (Monthly) for November 2025,LOW
2026-01-08,Productivity and Costs (P) for Third Quarter 2025,LOW
2026-01-09,Employment Situation for December 2025,HIGH
2026-01-13,Consumer Price Index for December 2025,HIGH
2026-01-13,Real Earnings for December 2025,LOW
2026-01-14,Producer Price Index for November 2025,MED
2026-01-15,U.S. Import and Export Price Indexes for November 2025,LOW
2026-01-16,Metropolitan Area Employment and Unemployment (Monthly) for November 2025,LOW
2026-01-16,Occupational Requirements in the United States for Annual 2025,LOW
2026-01-19,"Birthday of Martin Luther King, Jr.",LOW
2026-01-22,Employer-Reported Workplace Injuries and Illnesses (Annual) for Annual 2024,LOW
2026-01-22,Work Experience of the Population (Annual) for Annual 2024,LOW
2026-01-25,FOMC Meeting (Start),HIGH
2026-01-26,FOMC Meeting (Start),HIGH
2026-01-27,FOMC Meeting (Start),HIGH
2026-01-27,State Employment and Unemployment (Monthly) for December 2025,LOW
2026-01-27,State Job Openings and Labor Turnover for November 2025,LOW
2026-01-28,FOMC Meeting (Start),HIGH
2026-01-28,Usual Weekly Earnings of Wage and Salary Workers for Annual 2025,LOW
2026-01-29,Productivity and Costs (R) for Third Quarter 2025,LOW
2026-01-30,FOMC Meeting (Start),HIGH
2026-01-30,Producer Price Index for December 2025,MED
2026-01-31,FOMC Meeting (Start),HIGH
2026-03-15,FOMC Meeting (Start),HIGH
2026-03-16,FOMC Meeting (Start),HIGH
2026-03-17,FOMC Meeting (Start),HIGH
2026-03-18,FOMC Meeting (Start),HIGH
2026-03-19,FOMC Meeting (Start),HIGH
2026-03-21,FOMC Meeting (Start),HIGH
2026-04-27,FOMC Meeting (Start),HIGH
2026-04-28,FOMC Meeting (Start),HIGH
2026-04-30,FOMC Meeting (Start),HIGH
2026-05-02,FOMC Meeting (Start),HIGH
2026-05-03,FOMC Meeting (Start),HIGH
2026-05-06,FOMC Meeting (Start),HIGH
2026-06-11,FOMC Meeting (Start),HIGH
2026-06-13,FOMC Meeting (Start),HIGH
2026-06-14,FOMC Meeting (Start),HIGH
2026-06-15,FOMC Meeting (Start),HIGH
2026-06-16,FOMC Meeting (Start),HIGH
2026-06-17,FOMC Meeting (Start),HIGH
2026-07-25,FOMC Meeting (Start),HIGH
2026-07-26,FOMC Meeting (Start),HIGH
2026-07-27,FOMC Meeting (Start),HIGH
2026-07-28,FOMC Meeting (Start),HIGH
2026-07-29,FOMC Meeting (Start),HIGH
2026-07-30,FOMC Meeting (Start),HIGH
2026-09-15,FOMC Meeting (Start),HIGH
2026-09-16,FOMC Meeting (Start),HIGH
2026-09-17,FOMC Meeting (Start),HIGH
2026-09-19,FOMC Meeting (Start),HIGH
2026-09-20,FOMC Meeting (Start),HIGH
2026-09-21,FOMC Meeting (Start),HIGH
2026-10-27,FOMC Meeting (Start),HIGH
2026-10-28,FOMC Meeting (Start),HIGH
2026-10-31,FOMC Meeting (Start),HIGH
2026-11-01,FOMC Meeting (Start),HIGH
2026-11-02,FOMC Meeting (Start),HIGH
2026-11-06,FOMC Meeting (Start),HIGH
2026-12-08,FOMC Meeting (Start),HIGH
2026-12-09,FOMC Meeting (Start),HIGH
2026-12-12,FOMC Meeting (Start),HIGH
2026-12-13,FOMC Meeting (Start),HIGH
2026-12-14,FOMC Meeting (Start),HIGH
2026-12-17,FOMC Meeting (Start),HIGH
2027-01-25,FOMC Meeting (Start),HIGH
2027-01-26,FOMC Meeting (Start),HIGH
2027-03-16,FOMC Meeting (Start),HIGH
2027-04-27,FOMC Meeting (Start),HIGH
2027-06-08,FOMC Meeting (Start),HIGH
2027-07-27,FOMC Meeting (Start),HIGH
2027-09-14,FOMC Meeting (Start),HIGH
2027-10-26,FOMC Meeting (Start),HIGH
2027-12-07,FOMC Meeting (Start),HIGH
